"id","name","swings_competitive","percent_swings_competitive","contact","avg_bat_speed","hard_swing_rate","squared_up_per_bat_contact","squared_up_per_swing","blast_per_bat_contact","blast_per_swing","swing_length","swords","batter_run_value","whiffs","whiff_per_swing","batted_ball_events","batted_ball_event_per_swing"
691406,"Caminero, Junior",389,0.8942528735632184,302,"77.711828201",0.7532133676092545,0.31788079470198677,0.2467866323907455,0.22847682119205298,0.17737789203084833,"8.385645758",4,-4.995691856057818,87,0.2236503856041131,158,0.40616966580976865
665833,"Cruz, Oneil",283,0.8524096385542169,203,"76.966869859",0.6325088339222614,0.30049261083743845,0.21554770318021202,0.19704433497536947,0.1413427561837456,"7.660816078",8,-23.19544050007731,80,0.2826855123674912,99,0.3498233215547703
691023,"Walker, Jordan",219,0.8830645161290323,151,"76.852587032",0.6712328767123287,0.2847682119205298,0.1963470319634703,0.17880794701986755,0.1232876712328767,"8.125603242",4,-10.61249776207195,68,0.3105022831050228,73,0.3333333333333333
656941,"Schwarber, Kyle",400,0.8695652173913043,292,"76.787129",0.7149999999999999,0.3356164383561644,0.245,0.2636986301369863,0.1925,"7.523342675",18,-9.566965223536922,108,0.27,149,0.3725
666176,"Adell, Jo",358,0.8753056234718827,282,"76.703297933",0.6284916201117319,0.25886524822695034,0.20391061452513967,0.1524822695035461,0.12011173184357542,"7.566908659",11,-1.7307455462651307,76,0.2122905027932961,127,0.3547486033519553
701762,"Kurtz, Nick",247,0.8981818181818182,158,"76.438776073",0.6518218623481782,0.27848101265822783,0.17813765182186234,0.2088607594936709,0.13360323886639677,"7.718944211",5,-0.7380711837091163,89,0.3603238866396761,78,0.3157894736842105
592450,"Judge, Aaron",337,0.8467336683417085,249,"76.024972166",0.5905044510385755,0.3895582329317269,0.2878338278931751,0.2289156626506024,0.16913946587537093,"8.102045074",16,6.6805075676261945,88,0.26112759643916916,133,0.39465875370919884
677594,"Rodríguez, Julio",401,0.8911111111111111,300,"76.021217631",0.598503740648379,0.32,0.23940149625935161,0.20666666666666667,0.1546134663341646,"7.599689077",7,3.4983817685314422,101,0.2518703241895262,151,0.3765586034912718
670242,"Wallner, Matt",215,0.8565737051792829,149,"75.875430419",0.6232558139534884,0.2550335570469799,0.17674418604651163,0.1476510067114094,0.10232558139534884,"7.333159256",8,-6.19620015872559,66,0.30697674418604654,71,0.3302325581395349
665489,"Guerrero Jr., Vladimir",275,0.8358662613981763,228,"75.531226436",0.5672727272727272,0.3684210526315789,0.3054545454545455,0.24561403508771928,0.20363636363636364,"7.523198582",7,-1.3336250110340009,47,0.1709090909090909,136,0.49454545454545457
695578,"Wood, James",382,0.8822170900692841,266,"75.473886466",0.5759162303664922,0.3458646616541353,0.24083769633507854,0.22932330827067668,0.15968586387434555,"7.651296492",19,-12.672593616996384,116,0.3036649214659686,138,0.3612565445026178
663586,"Riley, Austin",292,0.863905325443787,207,"75.295864829",0.5068493150684932,0.2753623188405797,0.1952054794520548,0.15942028985507245,0.11301369863013698,"7.583829829",10,-13.808674002489134,85,0.2910958904109589,97,0.3321917808219178
660670,"Acuña Jr., Ronald",256,0.8858131487889274,184,"75.264853398",0.56640625,0.27717391304347827,0.19921875,0.19021739130434784,0.13671875,"7.488095391",6,-4.6495294759872,72,0.28125,87,0.33984375
673357,"Robert Jr., Luis",209,0.8818565400843882,150,"75.148005646",0.5119617224880383,0.24,0.1722488038277512,0.14,0.10047846889952153,"7.819127273",9,-6.839651149592379,59,0.2822966507177033,65,0.31100478468899523
682985,"Greene, Riley",468,0.8698884758364313,324,"75.082974872",0.49786324786324776,0.25617283950617287,0.17735042735042736,0.13271604938271606,0.09188034188034189,"7.271781261",3,-15.53926157942161,144,0.3076923076923077,139,0.297008547008547
669065,"Stowers, Kyle",238,0.8717948717948718,158,"74.829016723",0.4915966386554622,0.35443037974683544,0.23529411764705882,0.21518987341772153,0.14285714285714285,"6.713925",11,2.0636102362377597,80,0.33613445378151263,77,0.3235294117647059
683002,"Henderson, Gunnar",372,0.8878281622911695,291,"74.802191371",0.478494623655914,0.3161512027491409,0.24731182795698925,0.19243986254295534,0.15053763440860216,"7.197775538",9,-9.201669041667344,81,0.21774193548387097,146,0.3924731182795699
682663,"Ramírez, Agustín",303,0.8938053097345132,241,"74.761550891",0.524752475247525,0.35269709543568467,0.28052805280528054,0.24896265560165975,0.19801980198019803,"7.43403066",8,-6.567706569835021,62,0.20462046204620463,135,0.44554455445544555
624413,"Alonso, Pete",444,0.8951612903225806,337,"74.70768536",0.47072072072072074,0.35014836795252224,0.26576576576576577,0.21068249258160238,0.15990990990990991,"7.06763455",4,-3.7662844307350682,107,0.240990990990991,155,0.3490990990990991
680718,"Barger, Addison",311,0.8614958448753463,239,"74.704545048",0.5016077170418006,0.29707112970711297,0.2282958199356913,0.19246861924686193,0.14790996784565916,"7.508406367",2,-4.944071295990552,72,0.2315112540192926,115,0.36977491961414793
575929,"Contreras, Willson",320,0.8533333333333334,230,"74.696990125",0.46875000000000006,0.3347826086956522,0.240625,0.21739130434782608,0.15625,"7.810961875",3,1.7343313665147253,90,0.28125,115,0.359375
660821,"Sánchez, Jesús",282,0.8730650154798761,213,"74.602183936",0.5,0.29577464788732394,0.22340425531914893,0.1643192488262911,0.12411347517730496,"6.792214007",4,-10.330977243777216,69,0.24468085106382978,112,0.3971631205673759
680776,"Duran, Jarren",368,0.8699763593380615,255,"74.580306658",0.4728260869565217,0.30196078431372547,0.20923913043478262,0.16470588235294117,0.11413043478260869,"7.480459375",10,-10.006692463244889,113,0.3070652173913043,132,0.358695652173913
686948,"Baldwin, Drake",269,0.8354037267080745,226,"74.483980781",0.47211895910780666,0.35398230088495575,0.29739776951672864,0.18584070796460178,0.15613382899628253,"7.328457621",0,14.012815777291895,43,0.15985130111524162,115,0.4275092936802974
672356,"Arias, Gabriel",325,0.9103641456582633,201,"74.250509385",0.4369230769230769,0.29850746268656714,0.18461538461538463,0.1791044776119403,0.11076923076923077,"7.548837015",7,-15.931823442874663,124,0.38153846153846155,88,0.27076923076923076
657757,"Sheets, Gavin",388,0.8622222222222222,325,"74.231557423",0.45618556701030927,0.3569230769230769,0.29896907216494845,0.19076923076923077,0.15979381443298968,"7.621704639",10,-1.9696945490681896,63,0.16237113402061856,177,0.45618556701030927
663728,"Raleigh, Cal",454,0.8680688336520076,342,"74.160905727",0.42070484581497797,0.28654970760233917,0.21585903083700442,0.16374269005847952,0.12334801762114538,"7.775998304",9,-6.356133000143019,112,0.24669603524229075,144,0.31718061674008813
656305,"Chapman, Matt",313,0.8892045454545454,235,"74.13123754",0.415335463258786,0.2425531914893617,0.18210862619808307,0.14893617021276595,0.11182108626198083,"7.462123802",9,-9.822403044851393,78,0.24920127795527156,105,0.3354632587859425
660271,"Ohtani, Shohei",355,0.8142201834862385,248,"74.10177462",0.447887323943662,0.3870967741935484,0.2704225352112676,0.23387096774193547,0.16338028169014085,"7.911865915",7,10.44329996493525,107,0.30140845070422534,128,0.36056338028169016
621439,"Buxton, Byron",300,0.8356545961002786,214,"73.9982361",0.3766666666666667,0.32710280373831774,0.23333333333333334,0.19158878504672897,0.13666666666666666,"7.876685533",8,6.925388360501314,86,0.2866666666666667,107,0.3566666666666667
671739,"Harris II, Michael",368,0.8720379146919431,278,"73.987087554",0.35597826086956524,0.2589928057553957,0.1956521739130435,0.14388489208633093,0.10869565217391304,"8.085476332",9,-9.802764682572306,90,0.24456521739130435,138,0.375
683146,"Baty, Brett",262,0.8590163934426229,203,"73.981468855",0.3778625954198474,0.32019704433497537,0.2480916030534351,0.15270935960591134,0.1183206106870229,"7.304046832",5,-7.988681027207605,59,0.22519083969465647,108,0.4122137404580153
669394,"Burger, Jake",218,0.8515625,164,"73.879986239",0.38990825688073394,0.3048780487804878,0.22935779816513763,0.17073170731707318,0.12844036697247707,"7.401785642",5,-12.722835083539824,54,0.24770642201834864,81,0.37155963302752293
663624,"Mountcastle, Ryan",252,0.8689655172413793,185,"73.857609167",0.38492063492063494,0.2864864864864865,0.21031746031746032,0.13513513513513514,0.0992063492063492,"7.424664127",4,-3.9903303679531756,67,0.26587301587301587,92,0.36507936507936506
682998,"Carroll, Corbin",391,0.8786516853932584,297,"73.808504501",0.34526854219948855,0.29292929292929293,0.22250639386189258,0.1750841750841751,0.1329923273657289,"7.292987877",6,-16.043836625030778,94,0.24040920716112532,134,0.34271099744245526
701358,"Smith, Cam",357,0.8880597014925373,267,"73.763431961",0.39215686274509803,0.26217228464419473,0.19607843137254902,0.16104868913857678,0.12044817927170869,"7.296976919",6,-8.573838056727043,90,0.25210084033613445,126,0.35294117647058826
696100,"Goodman, Hunter",345,0.8801020408163265,247,"73.732000638",0.3623188405797102,0.2591093117408907,0.1855072463768116,0.1417004048582996,0.10144927536231885,"7.282581391",6,-7.518287873996695,98,0.28405797101449276,119,0.34492753623188405
691016,"Soderstrom, Tyler",278,0.86875,201,"73.681415072",0.327338129496403,0.31343283582089554,0.22661870503597123,0.19402985074626866,0.14028776978417265,"7.524154496",12,-12.340532746019933,77,0.27697841726618705,99,0.35611510791366907
691176,"Domínguez, Jasson",255,0.8703071672354948,184,"73.660465843",0.3294117647058824,0.266304347826087,0.19215686274509805,0.1956521739130435,0.1411764705882353,"7.867756392",5,-7.4995267394735,71,0.2784313725490196,78,0.3058823529411765
592518,"Machado, Manny",431,0.8637274549098196,345,"73.647332738",0.3480278422273783,0.391304347826087,0.31322505800464034,0.24347826086956523,0.19489559164733178,"7.774823875",2,-2.469185060262654,86,0.19953596287703015,177,0.41067285382830626
572233,"Walker, Christian",422,0.8921775898520085,304,"73.617565355",0.36966824644549756,0.2730263157894737,0.1966824644549763,0.1513157894736842,0.10900473933649289,"7.429204929",19,-5.132499663176363,118,0.2796208530805687,130,0.3080568720379147
682829,"De La Cruz, Elly",362,0.861904761904762,267,"73.524021492",0.350828729281768,0.3857677902621723,0.2845303867403315,0.20224719101123595,0.14917127071823205,"7.111811492",12,-8.446706874668113,95,0.26243093922651933,155,0.4281767955801105
671218,"Ramos, Heliot",397,0.8861607142857143,294,"73.50802738",0.39546599496221674,0.30952380952380953,0.22921914357682618,0.18027210884353742,0.13350125944584382,"6.834591209",10,-11.156106313823539,103,0.2594458438287154,142,0.35768261964735515
545361,"Trout, Mike",356,0.8855721393034826,257,"73.48960514",0.3202247191011236,0.26848249027237353,0.19382022471910113,0.13229571984435798,0.09550561797752809,"7.364012781",16,-8.210823708241069,99,0.27808988764044945,104,0.29213483146067415
650490,"Díaz, Yandy",360,0.8910891089108911,297,"73.484854194",0.3277777777777779,0.3501683501683502,0.28888888888888886,0.2222222222222222,0.18333333333333332,"7.668825417",2,-13.02597969085551,63,0.175,172,0.4777777777777778
666160,"Moniak, Mickey",264,0.88,189,"73.429147348",0.3446969696969698,0.3439153439153439,0.24621212121212122,0.15873015873015872,0.11363636363636363,"7.741372841",9,0.8081798207817101,75,0.2840909090909091,99,0.375
606466,"Marte, Ketel",276,0.8761904761904762,221,"73.414073261",0.3768115942028986,0.334841628959276,0.26811594202898553,0.167420814479638,0.13405797101449277,"7.838228333",4,-1.676200729901903,55,0.19927536231884058,118,0.427536231884058
677800,"Abreu, Wilyer",284,0.8819875776397516,217,"73.412046831",0.33802816901408456,0.2995391705069124,0.22887323943661972,0.16129032258064516,0.12323943661971831,"7.115232817",5,0.6594412323978629,67,0.23591549295774647,93,0.3274647887323944
624424,"Conforto, Michael",311,0.8735955056179775,245,"73.322864341",0.35048231511254024,0.3183673469387755,0.2508038585209003,0.15918367346938775,0.12540192926045016,"7.247387235",3,-10.067258140182561,66,0.21221864951768488,118,0.37942122186495175
547180,"Harper, Bryce",321,0.8537234042553191,243,"73.214247757",0.34267912772585674,0.3004115226337449,0.22741433021806853,0.1646090534979424,0.12461059190031153,"7.257350903",3,-10.150659777116248,78,0.24299065420560748,109,0.3395638629283489
665487,"Tatis Jr., Fernando",337,0.9182561307901907,251,"73.155028665",0.33531157270029677,0.3904382470119522,0.29080118694362017,0.23107569721115537,0.17210682492581603,"7.235316469",6,-9.348405528467513,86,0.2551928783382789,139,0.4124629080118694
641857,"McMahon, Ryan",391,0.8886363636363637,266,"73.130201918",0.27621483375959094,0.31954887218045114,0.21739130434782608,0.18421052631578946,0.12531969309462915,"7.418254552",9,-22.25690583818811,125,0.319693094629156,114,0.2915601023017903
621566,"Olson, Matt",489,0.8654867256637168,388,"73.090095644",0.329243353783231,0.30670103092783507,0.24335378323108384,0.15721649484536082,0.12474437627811862,"7.382854642",10,-1.5595089783551046,101,0.2065439672801636,163,0.3333333333333333
671056,"Herrera, Iván",275,0.8675078864353313,227,"73.083098218",0.3454545454545455,0.30837004405286345,0.2545454545454545,0.1762114537444934,0.14545454545454545,"7.624409236",2,-7.515835328787917,48,0.17454545454545456,109,0.39636363636363636
663457,"Nootbaar, Lars",317,0.8954802259887006,251,"73.046106972",0.32176656151419564,0.3545816733067729,0.2807570977917981,0.1952191235059761,0.15457413249211358,"7.004410252",10,-2.265885672114092,66,0.2082018927444795,138,0.4353312302839117
700250,"Rice, Ben",266,0.8866666666666667,212,"72.997587481",0.30075187969924816,0.3915094339622642,0.31203007518796994,0.2830188679245283,0.22556390977443608,"7.404896579",4,8.136339102167943,54,0.20300751879699247,117,0.4398496240601504
595879,"Báez, Javier",247,0.8546712802768166,177,"72.875895101",0.2672064777327935,0.3333333333333333,0.2388663967611336,0.1864406779661017,0.13360323886639677,"8.266570202",4,-1.1681911705748047,70,0.2834008097165992,100,0.4048582995951417
677951,"Witt Jr., Bobby",380,0.8715596330275229,299,"72.832537921",0.3,0.3779264214046823,0.29736842105263156,0.20066889632107024,0.15789473684210525,"6.915148474",6,11.461761530534808,81,0.2131578947368421,157,0.4131578947368421
621043,"Correa, Carlos",354,0.8962025316455696,301,"72.800125932",0.28531073446327687,0.26578073089701,0.22598870056497175,0.1362126245847176,0.11581920903954802,"7.02397113",5,-5.008756590108805,53,0.1497175141242938,146,0.4124293785310734
665862,"Chisholm Jr., Jazz",314,0.8845070422535212,226,"72.745423376",0.3089171974522294,0.3407079646017699,0.24522292993630573,0.1902654867256637,0.13694267515923567,"7.66431758",4,1.882325893249892,88,0.2802547770700637,111,0.3535031847133758
671732,"Butler, Lawrence",339,0.8582278481012658,235,"72.742722596",0.2861356932153392,0.2851063829787234,0.1976401179941003,0.16170212765957448,0.11209439528023599,"6.930745221",11,-8.834914694974943,104,0.30678466076696165,110,0.32448377581120946
543807,"Springer, George",315,0.875,257,"72.72842254",0.2952380952380953,0.2723735408560311,0.2222222222222222,0.12062256809338522,0.09841269841269841,"7.415152095",4,2.2499005902655806,58,0.18412698412698414,115,0.36507936507936506
667670,"Rooker, Brent",341,0.8589420654911839,255,"72.6751561",0.2873900293255133,0.36470588235294116,0.2727272727272727,0.17647058823529413,0.13196480938416422,"6.995292082",15,-8.630717201868242,86,0.25219941348973607,134,0.39296187683284456
669224,"Wells, Austin",293,0.861764705882353,230,"72.668237645",0.25255972696245743,0.30869565217391304,0.24232081911262798,0.17391304347826086,0.13651877133105803,"7.593329454",4,0.4359665024499093,63,0.2150170648464164,109,0.3720136518771331
592885,"Yelich, Christian",405,0.869098712446352,298,"72.662398963",0.2691358024691358,0.3187919463087248,0.2345679012345679,0.1644295302013423,0.12098765432098765,"7.521399654",8,-6.147124288284132,107,0.2641975308641975,149,0.36790123456790125
687597,"Beck, Jordan",354,0.8655256723716381,248,"72.639441243",0.268361581920904,0.24193548387096775,0.1694915254237288,0.10887096774193548,0.07627118644067797,"7.733139237",5,-7.97752372940405,106,0.2994350282485876,115,0.3248587570621469
694192,"Chourio, Jackson",325,0.8376288659793815,258,"72.610479785",0.2584615384615385,0.4108527131782946,0.3261538461538461,0.1821705426356589,0.14461538461538462,"7.436385415",7,2.7450086035383023,67,0.20615384615384616,154,0.47384615384615386
669127,"Langeliers, Shea",289,0.8450292397660819,230,"72.575342457",0.2595155709342561,0.33043478260869563,0.2629757785467128,0.20869565217391303,0.16608996539792387,"7.105484014",2,-6.33029102692212,59,0.2041522491349481,114,0.3944636678200692
664040,"Lowe, Brandon",372,0.8611111111111112,277,"72.563200538",0.2795698924731183,0.2743682310469314,0.20430107526881722,0.1407942238267148,0.10483870967741936,"7.083746909",7,2.1163130722514163,95,0.2553763440860215,125,0.33602150537634407
673548,"Suzuki, Seiya",392,0.8828828828828829,301,"72.549778342",0.3137755102040817,0.34219269102990035,0.2627551020408163,0.17940199335548174,0.1377551020408163,"7.178894439",10,-4.375582137528653,91,0.23214285714285715,154,0.39285714285714285
669357,"Gorman, Nolan",251,0.8745644599303136,164,"72.481125936",0.23107569721115534,0.25609756097560976,0.16733067729083664,0.12804878048780488,0.08366533864541832,"7.632683147",4,-15.608056645157083,87,0.3466135458167331,66,0.26294820717131473
676572,"Wagaman, Eric",291,0.8686567164179104,231,"72.444112234",0.2680412371134021,0.37662337662337664,0.29896907216494845,0.1774891774891775,0.140893470790378,"7.033411821",11,-12.470200507789821,60,0.20618556701030927,123,0.422680412371134
679529,"Torkelson, Spencer",392,0.8769574944071589,294,"72.417194847",0.18877551020408168,0.2789115646258503,0.20918367346938777,0.1326530612244898,0.09948979591836735,"7.754705179",6,-7.728523758236265,98,0.25,129,0.32908163265306123
663993,"Lowe, Nathaniel",441,0.8837675350701403,349,"72.414909478",0.23356009070294786,0.2693409742120344,0.21315192743764172,0.12607449856733524,0.09977324263038549,"7.212676825",13,-3.0966330981270938,92,0.20861678004535147,156,0.35374149659863946
502054,"Pham, Tommy",241,0.8827838827838828,188,"72.370110581",0.2199170124481328,0.3882978723404255,0.3029045643153527,0.17553191489361702,0.13692946058091288,"6.996167842",5,0.6582618242862454,53,0.21991701244813278,99,0.4107883817427386
672820,"Sosa, Lenyn",390,0.874439461883408,308,"72.321707333",0.23076923076923078,0.32142857142857145,0.25384615384615383,0.15584415584415584,0.12307692307692308,"7.463785",3,7.856948314021927,82,0.21025641025641026,154,0.39487179487179486
691718,"Crow-Armstrong, Pete",406,0.9002217294900222,298,"72.315824655",0.229064039408867,0.31543624161073824,0.2315270935960591,0.15436241610738255,0.11330049261083744,"7.220905468",6,-2.930765245889105,108,0.2660098522167488,140,0.3448275862068966
694671,"Langford, Wyatt",329,0.8657894736842106,247,"72.167572979",0.1914893617021277,0.3360323886639676,0.25227963525835867,0.1700404858299595,0.1276595744680851,"6.921863009",4,-12.068996315195722,82,0.24924012158054712,110,0.3343465045592705
683011,"Volpe, Anthony",392,0.8558951965065502,291,"72.120456607",0.2653061224489796,0.3539518900343643,0.2627551020408163,0.16838487972508592,0.125,"7.304035128",6,-12.606139551703285,101,0.2576530612244898,142,0.3622448979591837
521692,"Perez, Salvador",383,0.8724373576309795,298,"72.075409739",0.23237597911227156,0.31543624161073824,0.2454308093994778,0.1610738255033557,0.12532637075718014,"7.706540026",8,-8.017470009965226,85,0.22193211488250653,154,0.402088772845953
666310,"Naylor, Bo",295,0.8832335329341318,235,"72.070032136",0.21016949152542375,0.251063829787234,0.2,0.09361702127659574,0.07457627118644068,"7.782894881",6,-5.634294883205728,60,0.2033898305084746,99,0.33559322033898303
668904,"Lewis, Royce",246,0.8631578947368421,194,"72.06037378",0.28861788617886175,0.35051546391752575,0.2764227642276423,0.14948453608247422,0.11788617886178862,"7.97147813",5,-0.7452903942257569,52,0.21138211382113822,101,0.4105691056910569
664056,"Bader, Harrison",319,0.8692098092643051,221,"72.059620376",0.22257053291536052,0.27601809954751133,0.19122257053291536,0.12669683257918551,0.0877742946708464,"7.099142759",10,-14.22334002379037,98,0.3072100313479624,100,0.31347962382445144
502671,"Goldschmidt, Paul",321,0.8492063492063492,265,"72.056514953",0.19003115264797507,0.4037735849056604,0.3333333333333333,0.15849056603773584,0.1308411214953271,"7.50729595",4,0.4540152067883897,56,0.17445482866043613,153,0.4766355140186916
665742,"Soto, Juan",363,0.8810679611650486,301,"72.015079945",0.2672176308539945,0.42857142857142855,0.35537190082644626,0.26578073089701,0.22038567493112948,"6.91200416",16,11.80122269775238,62,0.17079889807162535,173,0.4765840220385675
608369,"Seager, Corey",212,0.8688524590163934,160,"72.005114434",0.17924528301886794,0.31875,0.24056603773584906,0.1625,0.12264150943396226,"6.704586698",5,-7.182722094784269,52,0.24528301886792453,74,0.3490566037735849
686780,"Pagés, Pedro",271,0.8685897435897436,196,"71.935173321",0.19926199261992628,0.25,0.18081180811808117,0.14795918367346939,0.1070110701107011,"7.172179151",8,1.639889461926201,75,0.2767527675276753,88,0.3247232472324723
682928,"Abrams, CJ",341,0.8503740648379052,269,"71.898483959",0.20821114369501467,0.30855018587360594,0.2434017595307918,0.12639405204460966,0.09970674486803519,"7.634273402",15,-6.092705529900938,72,0.21114369501466276,150,0.4398826979472141
661388,"Contreras, William",354,0.8592233009708737,279,"71.811633672",0.23446327683615822,0.3655913978494624,0.288135593220339,0.16487455197132617,0.12994350282485875,"7.133259294",6,-8.390511157216624,75,0.211864406779661,146,0.4124293785310734
542303,"Ozuna, Marcell",370,0.8525345622119815,300,"71.795199135",0.21081081081081088,0.31333333333333335,0.25405405405405407,0.13666666666666666,0.11081081081081082,"7.104716189",1,-13.400184956317432,70,0.1891891891891892,136,0.3675675675675676
686555,"Collins, Isaac",260,0.8873720136518771,214,"71.766107769",0.13846153846153847,0.29439252336448596,0.2423076923076923,0.14018691588785046,0.11538461538461539,"6.704813154",8,-3.1070658146687284,46,0.17692307692307693,99,0.38076923076923075
672386,"Kirk, Alejandro",330,0.8707124010554089,287,"71.720339061",0.24242424242424243,0.39372822299651566,0.3424242424242424,0.21254355400696864,0.18484848484848485,"7.129135848",4,3.441787815431119,43,0.1303030303030303,166,0.503030303030303
666134,"Jones, Nolan",259,0.8409090909090909,196,"71.682456255",0.2123552123552124,0.35714285714285715,0.2702702702702703,0.1377551020408163,0.10424710424710425,"6.813943745",6,-13.392375867189562,63,0.24324324324324326,91,0.35135135135135137
605137,"Bell, Josh",289,0.8525073746312685,242,"71.675972042",0.2110726643598616,0.3512396694214876,0.29411764705882354,0.16942148760330578,0.14186851211072665,"7.866612388",5,0.6955557066105609,47,0.16262975778546712,123,0.42560553633217996
657656,"Laureano, Ramón",320,0.896358543417367,249,"71.670469125",0.18125000000000005,0.3493975903614458,0.271875,0.18473895582329317,0.14375,"6.912809969",9,-1.7434203680768074,71,0.221875,129,0.403125
669911,"Toglia, Michael",201,0.8340248962655602,124,"71.668350746",0.10447761194029853,0.28225806451612906,0.17412935323383086,0.12096774193548387,0.07462686567164178,"7.419906816",7,-14.058143434211274,77,0.38308457711442784,55,0.2736318407960199
642715,"Adames, Willy",410,0.8874458874458875,306,"71.633450902",0.17804878048780493,0.2908496732026144,0.21707317073170732,0.12418300653594772,0.09268292682926829,"8.11945761",6,-10.772807138306543,104,0.25365853658536586,144,0.35121951219512193
681624,"Pages, Andy",408,0.8699360341151386,333,"71.60283951",0.13480392156862747,0.26426426426426425,0.21568627450980393,0.10510510510510511,0.0857843137254902,"7.736725735",10,8.33608564972025,75,0.18382352941176472,153,0.375
553993,"Suárez, Eugenio",423,0.8757763975155279,300,"71.596640449",0.2009456264775414,0.2866666666666667,0.2033096926713948,0.10333333333333333,0.07328605200945626,"7.842005035",22,-14.49852755748748,123,0.2907801418439716,136,0.3215130023640662
686469,"Pasquantino, Vinnie",380,0.8715596330275229,318,"71.589943816",0.1815789473684211,0.3742138364779874,0.3131578947368421,0.19811320754716982,0.16578947368421051,"7.321647026",4,8.278849312137387,62,0.1631578947368421,172,0.45263157894736844
606192,"Hernández, Teoscar",358,0.8817733990147784,261,"71.542074721",0.19273743016759778,0.36015325670498083,0.26256983240223464,0.1685823754789272,0.12290502793296089,"7.729485503",9,-16.684682308854597,97,0.2709497206703911,140,0.39106145251396646
665966,"Narváez, Carlos",322,0.8632707774798928,252,"71.490176646",0.1521739130434783,0.36904761904761907,0.2888198757763975,0.1626984126984127,0.12732919254658384,"7.484684379",4,3.4693920706716512,70,0.21739130434782608,119,0.3695652173913043
668804,"Reynolds, Bryan",388,0.8508771929824561,289,"71.480314407",0.1675257731958763,0.328719723183391,0.24484536082474226,0.1695501730103806,0.12628865979381443,"6.951382036",22,-9.531461140964966,99,0.2551546391752577,137,0.35309278350515466
669016,"Marsh, Brandon",256,0.8737201365187713,189,"71.471651602",0.14062500000000008,0.3492063492063492,0.2578125,0.1693121693121693,0.125,"7.172982461",4,5.222257110638369,67,0.26171875,95,0.37109375
672580,"Garcia, Maikel",302,0.84593837535014,266,"71.386227815",0.13907284768211922,0.4473684210526316,0.39403973509933776,0.20676691729323307,0.18211920529801323,"7.263970563",3,8.41870131007865,36,0.11920529801324503,165,0.5463576158940397
687401,"Ortiz, Joey",296,0.8268156424581006,262,"71.37426125",0.18918918918918928,0.2862595419847328,0.2533783783783784,0.09923664122137404,0.08783783783783784,"7.469291824",3,3.149364833173919,34,0.11486486486486487,144,0.4864864864864865
673237,"Diaz, Yainer",285,0.8456973293768546,223,"71.348921228",0.13684210526315793,0.38565022421524664,0.3017543859649123,0.19730941704035873,0.1543859649122807,"7.389016246",10,6.923300705908195,62,0.21754385964912282,119,0.41754385964912283
665019,"Clemens, Kody",245,0.8718861209964412,180,"71.346463265",0.11428571428571431,0.4222222222222222,0.31020408163265306,0.21666666666666667,0.15918367346938775,"7.226002612",1,-5.952683009972636,65,0.2653061224489796,96,0.39183673469387753
681351,"O'Hoppe, Logan",279,0.8773584905660378,188,"71.339464767",0.15053763440860218,0.3191489361702128,0.21505376344086022,0.13829787234042554,0.0931899641577061,"7.637281685",11,-17.180451444982918,91,0.32616487455197135,87,0.3118279569892473
681481,"Carpenter, Kerry",274,0.8698412698412699,205,"71.318061423",0.12408759124087593,0.45365853658536587,0.33941605839416056,0.17073170731707318,0.12773722627737227,"7.463495803",7,2.2860560908202947,69,0.2518248175182482,118,0.4306569343065693
701538,"Merrill, Jackson",263,0.8825503355704698,184,"71.316742471",0.14828897338403046,0.32065217391304346,0.22433460076045628,0.15760869565217392,0.11026615969581749,"7.481794144",5,-3.22496525045947,79,0.30038022813688214,91,0.34600760456273766
656811,"O'Hearn, Ryan",335,0.8862433862433863,268,"71.248348985",0.15223880597014924,0.2873134328358209,0.2298507462686567,0.13805970149253732,0.11044776119402985,"7.120399134",7,-2.4972754140095126,67,0.2,121,0.3611940298507463
666969,"García, Adolis",366,0.8714285714285714,274,"71.217582022",0.18579234972677594,0.3795620437956204,0.28415300546448086,0.18613138686131386,0.13934426229508196,"7.482059973",9,-17.324184194790888,92,0.25136612021857924,146,0.3989071038251366
665161,"Peña, Jeremy",221,0.8599221789883269,164,"71.185677285",0.08597285067873303,0.4329268292682927,0.3212669683257919,0.18902439024390244,0.14027149321266968,"7.422859729",5,-0.6222845215270918,57,0.2579185520361991,107,0.4841628959276018
693307,"Dingler, Dillon",312,0.8838526912181303,236,"71.155196667",0.09935897435897437,0.3093220338983051,0.23397435897435898,0.15677966101694915,0.11858974358974358,"7.667012147",3,-2.60275822684539,76,0.24358974358974358,110,0.3525641025641026
663697,"India, Jonathan",367,0.8843373493975903,317,"71.033725477",0.16348773841961856,0.31230283911671924,0.26975476839237056,0.09779179810725552,0.08446866485013624,"7.360014169",14,-10.202996825483254,50,0.1362397820163488,172,0.46866485013623976
687263,"Neto, Zach",351,0.8931297709923665,252,"71.031678091",0.1396011396011396,0.36904761904761907,0.26495726495726496,0.15476190476190477,0.1111111111111111,"6.998230085",11,-6.646998316885238,99,0.28205128205128205,126,0.358974358974359
668227,"Arozarena, Randy",426,0.8765432098765432,314,"71.009864202",0.18779342723004702,0.3248407643312102,0.23943661971830985,0.14331210191082802,0.1056338028169014,"7.357883803",7,-15.99430916835869,112,0.26291079812206575,149,0.34976525821596244
663656,"Tucker, Kyle",288,0.8888888888888888,235,"71.006896285",0.18750000000000008,0.3872340425531915,0.3159722222222222,0.13617021276595745,0.1111111111111111,"7.431226632",4,-6.723767916226251,53,0.1840277777777778,134,0.4652777777777778
676475,"Burleson, Alec",264,0.8488745980707395,218,"70.948799545",0.19696969696969704,0.38990825688073394,0.32196969696969696,0.16972477064220184,0.14015151515151514,"7.351231856",4,4.311997443317402,46,0.17424242424242425,116,0.4393939393939394
671277,"García Jr., Luis",265,0.8333333333333334,220,"70.919003283",0.14716981132075474,0.4318181818181818,0.3584905660377358,0.19545454545454546,0.16226415094339622,"7.327511698",7,4.57460654334049,45,0.16981132075471697,133,0.5018867924528302
671289,"Freeman, Tyler",244,0.8970588235294118,215,"70.863511598",0.12704918032786885,0.32558139534883723,0.28688524590163933,0.12558139534883722,0.11065573770491803,"6.866000123",2,-7.557112979761016,29,0.11885245901639344,108,0.4426229508196721
669720,"Hays, Austin",242,0.8864468864468864,171,"70.844022273",0.10743801652892566,0.30994152046783624,0.2190082644628099,0.11695906432748537,0.08264462809917356,"7.049575083",7,-10.421421272192847,71,0.29338842975206614,85,0.3512396694214876
686668,"Doyle, Brenton",269,0.8877887788778878,194,"70.842732602",0.08178438661710039,0.34536082474226804,0.24907063197026022,0.17010309278350516,0.12267657992565056,"7.195115502",9,-0.9558116947210478,75,0.2788104089219331,93,0.34572490706319703
664761,"Bohm, Alec",239,0.8241379310344827,204,"70.836109331",0.11715481171548119,0.35784313725490197,0.3054393305439331,0.15196078431372548,0.1297071129707113,"7.126677908",6,4.793140743482172,35,0.14644351464435146,103,0.4309623430962343
664023,"Happ, Ian",393,0.891156462585034,301,"70.827305751",0.1246819338422392,0.34551495016611294,0.26463104325699743,0.1760797342192691,0.13486005089058525,"6.83964659",5,-11.009066946683705,92,0.2340966921119593,155,0.3944020356234097
663616,"Larnach, Trevor",284,0.8580060422960725,209,"70.82194838",0.14788732394366202,0.39712918660287083,0.29225352112676056,0.11961722488038277,0.0880281690140845,"7.2770475",3,-8.949087782703378,75,0.2640845070422535,121,0.426056338028169
592663,"Realmuto, J.T.",351,0.8602941176470589,267,"70.811788376",0.17663817663817669,0.299625468164794,0.22792022792022792,0.12359550561797752,0.09401709401709402,"7.510498405",5,-14.406070051408566,84,0.23931623931623933,125,0.3561253561253561
607043,"Nimmo, Brandon",391,0.8336886993603412,305,"70.780255499",0.1867007672634271,0.3737704918032787,0.2915601023017903,0.18688524590163935,0.14578005115089515,"6.990352148",10,-13.120445743040852,86,0.21994884910485935,158,0.4040920716112532
573262,"Yastrzemski, Mike",360,0.8759124087591241,299,"70.761905028",0.08333333333333334,0.3210702341137124,0.26666666666666666,0.10367892976588629,0.08611111111111111,"7.537565111",3,-11.802950619373084,61,0.16944444444444445,140,0.3888888888888889
571970,"Muncy, Max",238,0.8592057761732852,176,"70.747132647",0.10084033613445381,0.3409090909090909,0.25210084033613445,0.1534090909090909,0.1134453781512605,"7.05411458",4,-9.609808863065956,62,0.2605042016806723,78,0.3277310924369748
596115,"Story, Trevor",427,0.8858921161825726,300,"70.745651218",0.13348946135831383,0.27,0.18969555035128804,0.13333333333333333,0.0936768149882904,"7.390342225",10,-13.16183126476814,127,0.297423887587822,142,0.3325526932084309
677950,"Thomas, Alek",263,0.8708609271523179,182,"70.744861027",0.11406844106463879,0.2802197802197802,0.19391634980988592,0.13186813186813187,0.09125475285171103,"7.032867719",14,-10.63385754236008,81,0.30798479087452474,79,0.30038022813688214
668901,"Vientos, Mark",275,0.9016393442622951,196,"70.729500109",0.11272727272727276,0.3469387755102041,0.24727272727272728,0.17346938775510204,0.12363636363636364,"7.523126218",7,-11.648561834872778,79,0.2872727272727273,96,0.3490909090909091
650489,"Castro, Willi",270,0.8626198083067093,196,"70.715986185",0.16296296296296298,0.3010204081632653,0.21851851851851853,0.10714285714285714,0.07777777777777778,"7.089529074",5,-10.094552868977779,74,0.2740740740740741,91,0.337037037037037
682177,"Schneemann, Daniel",238,0.8947368421052632,172,"70.676268193",0.11344537815126052,0.32558139534883723,0.23529411764705882,0.12209302325581395,0.08823529411764706,"7.015266849",11,-11.84108777859341,66,0.2773109243697479,87,0.36554621848739494
593428,"Bogaerts, Xander",272,0.8553459119496856,221,"70.669601618",0.15808823529411767,0.38461538461538464,0.3125,0.14027149321266968,0.11397058823529412,"7.231266912",8,0.6867116794466552,51,0.1875,140,0.5147058823529411
646240,"Devers, Rafael",438,0.8690476190476191,308,"70.653199543",0.14383561643835618,0.2987012987012987,0.2100456621004566,0.1266233766233766,0.08904109589041095,"7.484087146",9,-13.050616244267653,130,0.2968036529680365,128,0.2922374429223744
593871,"Polanco, Jorge",288,0.8622754491017964,240,"70.644250764",0.11111111111111112,0.3875,0.3229166666666667,0.16666666666666666,0.1388888888888889,"7.204903333",7,9.804851245238574,48,0.16666666666666666,130,0.4513888888888889
608324,"Bregman, Alex",293,0.8851963746223565,251,"70.574033481",0.08191126279863481,0.4262948207171315,0.3651877133105802,0.14741035856573706,0.12627986348122866,"7.037648259",9,10.681858129795863,42,0.14334470989761092,143,0.4880546075085324
641487,"Crawford, J.P.",438,0.8866396761133604,365,"70.555189269",0.16438356164383566,0.2958904109589041,0.2465753424657534,0.10410958904109589,0.0867579908675799,"7.173436575",2,-5.876963242981422,73,0.16666666666666666,184,0.4200913242009132
656775,"Mullins, Cedric",353,0.8781094527363185,282,"70.535162351",0.09631728045325778,0.3333333333333333,0.26628895184135976,0.1276595744680851,0.10198300283286119,"7.526664788",5,-16.353104772097094,71,0.20113314447592068,118,0.3342776203966006
663647,"Hayes, Ke'Bryan",290,0.8605341246290801,232,"70.511437483",0.07931034482758621,0.3232758620689655,0.25862068965517243,0.125,0.1,"6.731108345",5,-8.767997266487619,58,0.2,128,0.4413793103448276
672275,"Bailey, Patrick",260,0.8360128617363344,187,"70.490644192",0.10000000000000002,0.26737967914438504,0.19230769230769232,0.12834224598930483,0.09230769230769231,"7.284502846",2,-9.501025082974147,73,0.28076923076923077,88,0.3384615384615385
666139,"Lowe, Josh",363,0.8642857142857143,285,"70.471675124",0.12947658402203857,0.3368421052631579,0.2644628099173554,0.08070175438596491,0.06336088154269973,"7.300890413",4,-11.525208758924654,78,0.21487603305785125,138,0.38016528925619836
457705,"McCutchen, Andrew",335,0.8656330749354005,270,"70.455059104",0.09552238805970151,0.3333333333333333,0.26865671641791045,0.13703703703703704,0.11044776119402985,"7.726289343",10,-9.46025239588022,65,0.19402985074626866,134,0.4
663757,"Grisham, Trent",306,0.8818443804034583,234,"70.421370033",0.10457516339869284,0.3803418803418803,0.2908496732026144,0.1581196581196581,0.12091503267973856,"7.585808268",5,-10.324797960766912,72,0.23529411764705882,117,0.38235294117647056
571448,"Arenado, Nolan",247,0.8487972508591065,222,"70.41827664",0.1538461538461539,0.32432432432432434,0.291497975708502,0.07657657657657657,0.06882591093117409,"8.365067166",7,-6.539678195048354,25,0.10121457489878542,119,0.4817813765182186
596146,"Kepler, Max",272,0.8802588996763754,217,"70.411472463",0.11764705882352945,0.35944700460829493,0.2867647058823529,0.12442396313364056,0.09926470588235294,"7.311817941",6,-2.0549330951406946,55,0.20220588235294118,108,0.39705882352941174
467793,"Santana, Carlos",291,0.8818181818181818,240,"70.302388763",0.11683848797250862,0.31666666666666665,0.2611683848797251,0.12083333333333333,0.09965635738831616,"7.534095052",8,-6.543974533789978,51,0.17525773195876287,119,0.40893470790378006
630105,"Cronenworth, Jake",348,0.8765743073047859,284,"70.300515115",0.14367816091954022,0.28169014084507044,0.22988505747126436,0.11619718309859155,0.09482758620689655,"6.992770345",4,-17.052559070063737,64,0.1839080459770115,116,0.3333333333333333
678662,"Tovar, Ezequiel",265,0.8359621451104101,196,"70.243804113",0.10566037735849057,0.2653061224489796,0.19622641509433963,0.09183673469387756,0.06792452830188679,"7.397761208",2,-10.037238560222121,69,0.26037735849056604,82,0.30943396226415093
621020,"Swanson, Dansby",414,0.8734177215189873,296,"70.228989324",0.03864734299516908,0.3310810810810811,0.23671497584541062,0.125,0.0893719806763285,"7.340921522",7,-13.593296891280964,118,0.28502415458937197,138,0.3333333333333333
672640,"Lopez, Otto",307,0.8721590909090909,255,"70.226375407",0.11074918566775244,0.4,0.3322475570032573,0.12941176470588237,0.10749185667752444,"6.747950749",7,-8.392989092463997,52,0.16938110749185667,160,0.5211726384364821
666971,"Gurriel Jr., Lourdes",332,0.8601036269430051,290,"70.172074639",0.09036144578313253,0.35517241379310344,0.3102409638554217,0.12413793103448276,0.10843373493975904,"7.459536145",7,6.623416041561898,42,0.12650602409638553,157,0.47289156626506024
608348,"Kelly, Carson",234,0.9069767441860465,190,"70.168033504",0.06837606837606838,0.3736842105263158,0.3034188034188034,0.16842105263157894,0.13675213675213677,"6.938182949",0,-0.026427710948773164,44,0.18803418803418803,104,0.4444444444444444
691026,"Winn, Masyn",418,0.8781512605042017,344,"70.136800335",0.10047846889952154,0.29651162790697677,0.24401913875598086,0.09302325581395349,0.07655502392344497,"7.448025431",1,-15.649404236024637,74,0.17703349282296652,167,0.39952153110047844
647304,"Naylor, Josh",266,0.8553054662379421,214,"70.121044474",0.17293233082706772,0.40654205607476634,0.32706766917293234,0.14018691588785046,0.11278195488721804,"7.672660263",8,-3.197989232649462,52,0.19548872180451127,121,0.4548872180451128
668930,"Turang, Brice",474,0.8859813084112149,382,"70.082450274",0.16877637130801684,0.32722513089005234,0.26371308016877637,0.1544502617801047,0.12447257383966245,"6.90426903",12,0.7225724399356848,92,0.1940928270042194,177,0.37341772151898733
664034,"France, Ty",282,0.8367952522255193,244,"70.042614539",0.08510638297872343,0.38524590163934425,0.3333333333333333,0.1762295081967213,0.1524822695035461,"7.344865851",7,5.610557095534525,38,0.1347517730496454,131,0.4645390070921986
673962,"Jung, Josh",307,0.8457300275482094,240,"69.941526254",0.055374592833876225,0.3416666666666667,0.2671009771986971,0.15416666666666667,0.12052117263843648,"6.938016938",9,-11.517229066130485,67,0.2182410423452769,118,0.38436482084690554
608070,"Ramírez, José",430,0.8704453441295547,383,"69.916610186",0.1116279069767442,0.360313315926893,0.3209302325581395,0.13577023498694518,0.12093023255813953,"7.161361233",8,2.4649884967971896,47,0.10930232558139535,199,0.4627906976744186
678882,"Rafaela, Ceddanne",394,0.8418803418803419,315,"69.884128731",0.053299492385786795,0.3492063492063492,0.27918781725888325,0.1523809523809524,0.1218274111675127,"7.392840431",6,2.1205672653947403,79,0.20050761421319796,157,0.39847715736040606
672761,"Pérez, Wenceel",242,0.8432055749128919,186,"69.868741612",0.053719008264462804,0.3978494623655914,0.30578512396694213,0.13978494623655913,0.10743801652892562,"6.946615083",2,-6.796854303958712,56,0.23140495867768596,99,0.4090909090909091
668715,"Steer, Spencer",390,0.8590308370044053,305,"69.848615615",0.02820512820512821,0.29180327868852457,0.2282051282051282,0.09180327868852459,0.07179487179487179,"7.325253744",7,-2.2955497721164533,85,0.21794871794871795,140,0.358974358974359
702616,"Holliday, Jackson",329,0.8680738786279684,254,"69.84321535",0.07598784194528875,0.39763779527559057,0.3069908814589666,0.16929133858267717,0.13069908814589665,"6.902523343",10,-17.129697769905476,75,0.22796352583586627,141,0.42857142857142855
683734,"Vaughn, Andrew",264,0.8627450980392157,204,"69.769065795",0.09469696969696971,0.43137254901960786,0.3333333333333333,0.16666666666666666,0.12878787878787878,"7.249497159",3,-8.960034168118785,60,0.22727272727272727,114,0.4318181818181818
643446,"McNeil, Jeff",268,0.8322981366459627,240,"69.740197799",0.07462686567164181,0.3375,0.30223880597014924,0.06666666666666667,0.05970149253731343,"7.142164142",9,-0.9212127499175023,28,0.1044776119402985,117,0.43656716417910446
700932,"Manzardo, Kyle",335,0.881578947368421,241,"69.723182866",0.05373134328358209,0.3153526970954357,0.22686567164179106,0.07468879668049792,0.05373134328358209,"7.41579009",8,-15.74460998588576,94,0.28059701492537314,102,0.3044776119402985
596019,"Lindor, Francisco",458,0.8560747663551402,370,"69.712542555",0.111353711790393,0.35135135135135137,0.2838427947598253,0.11621621621621622,0.09388646288209607,"7.385449672",5,1.2041331676114038,88,0.19213973799126638,181,0.3951965065502183
690993,"Keith, Colt",274,0.8954248366013072,212,"69.690864708",0.0656934306569343,0.2830188679245283,0.21897810218978103,0.12264150943396226,0.0948905109489051,"6.758027117",6,-12.51242976502104,62,0.22627737226277372,93,0.33941605839416056
693304,"Gonzales, Nick",199,0.8468085106382979,159,"69.684170754",0.10050251256281408,0.39622641509433965,0.3165829145728643,0.12578616352201258,0.10050251256281408,"7.42778402",12,-2.274334741037972,40,0.20100502512562815,86,0.4321608040201005
678246,"Vargas, Miguel",336,0.8704663212435233,290,"69.566333393",0.06547619047619047,0.3689655172413793,0.31845238095238093,0.09310344827586207,0.08035714285714286,"7.593425179",7,1.4322525127079437,46,0.13690476190476192,147,0.4375
666018,"Aranda, Jonathan",294,0.8802395209580839,233,"69.51371932",0.10204081632653064,0.3090128755364807,0.24489795918367346,0.12446351931330472,0.09863945578231292,"7.21063483",2,1.1674531010711187,61,0.20748299319727892,96,0.32653061224489793
607208,"Turner, Trea",349,0.8470873786407767,291,"69.37559043",0.08022922636103152,0.3402061855670103,0.2836676217765043,0.13745704467353953,0.11461318051575932,"7.348372436",7,3.971738248449478,58,0.166189111747851,156,0.4469914040114613
670770,"Friedl, TJ",337,0.8730569948186528,264,"69.352891543",0.05044510385756677,0.4015151515151515,0.314540059347181,0.14772727272727273,0.11572700296735905,"6.712372018",7,-10.11872412456841,73,0.2166172106824926,157,0.4658753709198813
641355,"Bellinger, Cody",421,0.842,366,"69.221325558",0.05225653206650832,0.3360655737704918,0.2921615201900237,0.11202185792349727,0.09738717339667459,"7.61359133",7,0.19468712088031026,55,0.13064133016627077,181,0.42992874109263657
683737,"Busch, Michael",323,0.8825136612021858,244,"69.218080526",0.07120743034055728,0.3975409836065574,0.30030959752321984,0.18442622950819673,0.1393188854489164,"6.993635232",6,-3.673999689059445,79,0.24458204334365324,110,0.34055727554179566
682657,"Martínez, Angel",309,0.8512396694214877,233,"69.201705437",0.0679611650485437,0.34334763948497854,0.2588996763754045,0.060085836909871244,0.045307443365695796,"7.339718867",2,-17.270688179393296,76,0.2459546925566343,118,0.3818770226537217
677587,"Rocchio, Brayan",222,0.8604651162790697,166,"69.112825495",0.049549549549549564,0.43373493975903615,0.32432432432432434,0.15060240963855423,0.11261261261261261,"7.18632491",1,-5.341119368545585,56,0.25225225225225223,97,0.4369369369369369
592206,"Castellanos, Nick",343,0.8245192307692307,266,"69.096504577",0.09620991253644313,0.3458646616541353,0.26822157434402333,0.09774436090225563,0.07580174927113703,"7.617838426",8,-12.389719803950289,77,0.22448979591836735,126,0.3673469387755102
621493,"Ward, Taylor",394,0.8794642857142857,301,"69.033339721",0.06091370558375635,0.3654485049833887,0.27918781725888325,0.12292358803986711,0.09390862944162437,"7.108733401",8,-7.81615968209394,93,0.23604060913705585,150,0.38071065989847713
680574,"McLain, Matt",363,0.9007444168734491,265,"68.960002479",0.052341597796143245,0.3169811320754717,0.23140495867768596,0.06792452830188679,0.049586776859504134,"6.833172424",5,-27.599160419935913,98,0.2699724517906336,131,0.3608815426997245
650402,"Torres, Gleyber",345,0.837378640776699,299,"68.950437217",0.05797101449275362,0.3745819397993311,0.32463768115942027,0.12709030100334448,0.11014492753623188,"7.03932087",8,-9.789727870310415,46,0.13333333333333333,150,0.43478260869565216
669242,"Edman, Tommy",174,0.8325358851674641,150,"68.832286609",0.07471264367816093,0.34,0.29310344827586204,0.08666666666666667,0.07471264367816093,"6.817990862",4,-2.6313257083677986,24,0.13793103448275862,80,0.45977011494252873
518692,"Freeman, Freddie",359,0.8486997635933806,279,"68.773571671",0.04735376044568245,0.34050179211469533,0.2646239554317549,0.11469534050179211,0.08913649025069638,"6.843197772",4,-6.25289600320452,80,0.22284122562674094,124,0.34540389972144847
669257,"Smith, Will",263,0.8483870967741935,218,"68.727983916",0.02281368821292776,0.3853211009174312,0.3193916349809886,0.15137614678899083,0.12547528517110265,"7.08621654",7,2.8109998616732295,45,0.17110266159695817,109,0.4144486692015209
666023,"Fermin, Freddy",246,0.8692579505300353,219,"68.495956748",0.024390243902439025,0.3378995433789954,0.3008130081300813,0.091324200913242,0.08130081300813008,"7.11691622",8,-2.2636335362147335,27,0.10975609756097561,98,0.3983739837398374
687363,"Scott II, Victor",204,0.864406779661017,138,"68.469455049",0.04411764705882354,0.3188405797101449,0.21568627450980393,0.043478260869565216,0.029411764705882353,"6.449120049",6,-14.767213627582107,66,0.3235294117647059,71,0.3480392156862745
666158,"Lux, Gavin",274,0.8782051282051282,226,"68.460405109",0.03284671532846716,0.3274336283185841,0.27007299270072993,0.09292035398230089,0.07664233576642336,"7.29043",7,-4.457974035513068,48,0.17518248175182483,115,0.4197080291970803
605141,"Betts, Mookie",312,0.899135446685879,270,"68.366961122",0.05769230769230769,0.4777777777777778,0.41346153846153844,0.11851851851851852,0.10256410256410256,"7.115484423",6,-5.073244967993022,42,0.1346153846153846,162,0.5192307692307693
543760,"Semien, Marcus",307,0.867231638418079,242,"68.34469114",0.05863192182410423,0.33884297520661155,0.2671009771986971,0.11983471074380166,0.09446254071661238,"7.802174267",3,-11.786771747408583,65,0.21172638436482086,118,0.38436482084690554
807713,"Shaw, Matt",295,0.8526011560693642,243,"68.217844305",0.0576271186440678,0.27983539094650206,0.2305084745762712,0.07818930041152264,0.06440677966101695,"6.816568068",13,-0.2611468280239775,52,0.17627118644067796,121,0.4101694915254237
650859,"Rengifo, Luis",297,0.8319327731092437,236,"68.21731431",0.04377104377104377,0.3474576271186441,0.2760942760942761,0.08050847457627118,0.06397306397306397,"6.912213098",5,-14.59411679864609,61,0.2053872053872054,120,0.40404040404040403
669701,"Smith, Josh",360,0.8633093525179856,298,"68.198852611",0.022222222222222227,0.348993288590604,0.28888888888888886,0.09731543624161074,0.08055555555555556,"6.668260472",3,-6.177810677163846,62,0.17222222222222222,152,0.4222222222222222
643217,"Benintendi, Andrew",243,0.8804347826086957,185,"67.945688066",0.03703703703703705,0.3783783783783784,0.2880658436213992,0.10810810810810811,0.0823045267489712,"7.110073086",2,-7.663999012183226,58,0.23868312757201646,115,0.4732510288065844
514888,"Altuve, Jose",315,0.84,248,"67.94138927",0.06349206349206349,0.34274193548387094,0.2698412698412698,0.06854838709677419,0.05396825396825397,"7.396142921",5,-9.30704124432544,67,0.2126984126984127,139,0.44126984126984126
680977,"Donovan, Brendan",260,0.8441558441558441,225,"67.879081538",0.026923076923076925,0.44,0.38076923076923075,0.1511111111111111,0.13076923076923078,"6.682535115",3,-6.625703369997408,35,0.1346153846153846,126,0.4846153846153846
687462,"Horwitz, Spencer",264,0.8655737704918033,221,"67.874223939",0.04166666666666667,0.3665158371040724,0.3068181818181818,0.09502262443438914,0.07954545454545454,"6.850432008",7,-3.4030777949918734,43,0.16287878787878787,104,0.3939393939393939
686797,"Lee, Brooks",302,0.8703170028818443,250,"67.758972517",0.05960264900662253,0.32,0.26490066225165565,0.064,0.052980132450331126,"7.049378841",14,-14.489587360554514,52,0.17218543046357615,125,0.4139072847682119
643565,"Tauchman, Mike",254,0.8639455782312925,203,"67.667898425",0.02755905511811024,0.3448275862068966,0.2755905511811024,0.08374384236453201,0.06692913385826772,"7.01384374",5,-5.656792994332127,51,0.20078740157480315,98,0.3858267716535433
681082,"Stott, Bryson",435,0.8734939759036144,387,"67.62712377",0.013793103448275864,0.37467700258397935,0.3333333333333333,0.08527131782945736,0.07586206896551724,"7.054866897",5,-9.948297620032326,48,0.1103448275862069,200,0.45977011494252873
670623,"Paredes, Isaac",288,0.8347826086956521,249,"67.608062674",0.06597222222222224,0.3333333333333333,0.2881944444444444,0.060240963855421686,0.052083333333333336,"7.910067257",2,-9.285248700094867,39,0.13541666666666666,115,0.3993055555555556
641680,"Heim, Jonah",288,0.8622754491017964,228,"67.586942917",0.017361111111111112,0.35964912280701755,0.2847222222222222,0.11403508771929824,0.09027777777777778,"7.413907951",3,-10.424822370233088,60,0.20833333333333334,113,0.3923611111111111
666182,"Bichette, Bo",353,0.8567961165048543,297,"67.568415354",0.0509915014164306,0.32323232323232326,0.2719546742209632,0.12121212121212122,0.10198300283286119,"7.252786402",4,-0.36317917089283336,56,0.15864022662889518,146,0.41359773371104813
664770,"Lukes, Nathan",264,0.8770764119601329,232,"67.562564015",0.045454545454545456,0.3232758620689655,0.2840909090909091,0.08189655172413793,0.07196969696969698,"6.535294962",3,7.3319592681713885,32,0.12121212121212122,114,0.4318181818181818
808982,"Lee, Jung Hoo",331,0.8422391857506362,292,"67.474801208",0.015105740181268883,0.3904109589041096,0.34441087613293053,0.0821917808219178,0.07250755287009064,"7.458346103",1,-2.878715254939756,39,0.11782477341389729,163,0.49244712990936557
665926,"Giménez, Andrés",240,0.8275862068965517,195,"67.338200167",0.03333333333333334,0.3641025641025641,0.29583333333333334,0.05128205128205128,0.041666666666666664,"6.753993208",3,-12.455867602137191,45,0.1875,101,0.42083333333333334
645277,"Albies, Ozzie",347,0.8422330097087378,285,"67.283911153",0.048991354466858775,0.3684210526315789,0.3025936599423631,0.05964912280701754,0.04899135446685879,"7.076362334",4,-13.961328525773398,62,0.1786743515850144,150,0.4322766570605187
663538,"Hoerner, Nico",365,0.8429561200923787,346,"67.112660822",0.01917808219178082,0.3439306358381503,0.32602739726027397,0.03468208092485549,0.03287671232876712,"7.024543699",5,-4.242217926918098,19,0.052054794520547946,180,0.4931506849315068
686217,"Frelick, Sal",328,0.8746666666666667,295,"67.07977872",0.04268292682926829,0.3559322033898305,0.3201219512195122,0.05084745762711865,0.04573170731707317,"7.035997683",4,6.4676372877205335,33,0.10060975609756098,157,0.47865853658536583
656716,"McKinstry, Zach",331,0.8733509234828496,258,"67.079671239",0.015105740181268881,0.3372093023255814,0.2628398791540785,0.08527131782945736,0.06646525679758308,"6.877078761",6,-3.9071146445130074,73,0.22054380664652568,129,0.38972809667673713
672695,"Perdomo, Geraldo",432,0.8605577689243028,393,"66.995250718",0.01388888888888889,0.356234096692112,0.32407407407407407,0.07124681933842239,0.06481481481481481,"6.789138889",11,7.615372547763613,39,0.09027777777777778,206,0.47685185185185186
805367,"Meidroth, Chase",315,0.8536585365853658,282,"66.948387714",0.009523809523809525,0.45390070921985815,0.40634920634920635,0.11347517730496454,0.10158730158730159,"6.604501873",9,-10.440397180681792,33,0.10476190476190476,162,0.5142857142857142
700337,"Quero, Edgar",250,0.8960573476702509,199,"66.72586424",0.020000000000000007,0.41708542713567837,0.332,0.10552763819095477,0.084,"6.74260056",1,-7.934642021000698,51,0.204,99,0.396
702332,"Durbin, Caleb",244,0.8683274021352313,215,"66.561620574",0.004098360655737705,0.4325581395348837,0.38114754098360654,0.06511627906976744,0.05737704918032787,"6.737558279",7,-2.253481516720574,29,0.11885245901639344,133,0.5450819672131147
676391,"Clement, Ernie",252,0.8780487804878049,217,"66.557978492",0.01190476190476191,0.37327188940092165,0.32142857142857145,0.041474654377880185,0.03571428571428571,"7.052156706",10,-2.3199265453169007,35,0.1388888888888889,117,0.4642857142857143
694384,"Schanuel, Nolan",300,0.8547008547008547,261,"65.600327633",0.02,0.421455938697318,0.36666666666666664,0.06513409961685823,0.056666666666666664,"6.576947733",5,-9.384890683591598,39,0.13,143,0.4766666666666667
643396,"Kiner-Falefa, Isiah",246,0.8395904436860068,209,"65.551675813",0.00813008130081301,0.3875598086124402,0.32926829268292684,0.09090909090909091,0.07723577235772358,"6.899012805",6,-0.5052144815080188,37,0.15040650406504066,124,0.5040650406504065
669364,"Edwards, Xavier",313,0.839142091152815,268,"65.339807029",0.01916932907348243,0.3619402985074627,0.30990415335463256,0.05223880597014925,0.04472843450479233,"6.297390799",4,-14.290646983048262,45,0.14376996805111822,135,0.43130990415335463
663968,"Mangum, Jake",246,0.82,211,"65.271497602",0.016260162601626015,0.3412322274881517,0.2926829268292683,0.06635071090047394,0.056910569105691054,"6.32693435",4,-3.7222589227283285,35,0.14227642276422764,98,0.3983739837398374
624428,"Frazier, Adam",345,0.8497536945812808,299,"65.207087072",0.01739130434782609,0.33444816053511706,0.2898550724637681,0.030100334448160536,0.02608695652173913,"6.896991188",5,-7.332844711213545,46,0.13333333333333333,139,0.4028985507246377
527038,"Flores, Wilmer",338,0.8578680203045685,283,"64.392697988",0.002958579881656805,0.36395759717314485,0.3047337278106509,0.05653710247349823,0.047337278106508875,"6.704962811",10,-7.445437149765454,55,0.16272189349112426,138,0.40828402366863903
805779,"Wilson, Jacob",213,0.8223938223938224,192,"62.695814507",0.004694835680751174,0.4270833333333333,0.38497652582159625,0.020833333333333332,0.018779342723004695,"5.9821677",5,6.090411367798252,21,0.09859154929577464,120,0.5633802816901409
680757,"Kwan, Steven",423,0.8685831622176592,397,"62.639019929",0.004728132387706856,0.4433249370277078,0.4160756501182033,0.027707808564231738,0.026004728132387706,"6.253129882",8,-7.259661754113177,26,0.061465721040189124,212,0.5011820330969267
650333,"Arraez, Luis",395,0.8531317494600432,380,"62.019969038",0.005063291139240507,0.45789473684210524,0.44050632911392407,0.010526315789473684,0.010126582278481013,"5.859939139",6,5.099206907778148,15,0.0379746835443038,202,0.5113924050632911